{"cameraMode":{"drawMode":0,"name":"Shaded","section":"Shading Mode"},"sceneLighting":true,"audioPlay":false,"sceneViewState":{"m_AlwaysRefresh":false,"showFog":true,"showSkybox":true,"showFlares":true,"showImageEffects":true,"showParticleSystems":true,"showVisualEffectGraphs":true,"m_FxEnabled":true},"in2DMode":false,"pivot":{"x":-8.036474227905274,"y":14.384952545166016,"z":-0.4792499542236328},"rotation":{"x":0.029858887195587159,"y":-0.25647491216659548,"z":0.007926966063678265,"w":0.9660581946372986},"size":28.280508041381837,"orthographic":false}