{"cameraMode":{"drawMode":0,"name":"Shaded","section":"Shading Mode"},"sceneLighting":true,"audioPlay":false,"sceneViewState":{"m_AlwaysRefresh":false,"showFog":true,"showSkybox":true,"showFlares":true,"showImageEffects":true,"showParticleSystems":true,"showVisualEffectGraphs":true,"m_FxEnabled":true},"in2DMode":false,"pivot":{"x":47.424095153808597,"y":87.65585327148438,"z":133.8712615966797},"rotation":{"x":0.30494171380996706,"y":0.6787413954734802,"z":-0.37379831075668337,"w":0.5537115335464478},"size":26.432941436767579,"orthographic":false}